partition_id,Benign,DDoS,DoS,Recon,Web-based,Brute Force,Spoofing,Mirai,total
0,1,57603,0,0,0,0,0,0,57604
1,22,320,4271,6814,11,585,5254,266,17543
2,813,11531,2,13943,0,0,0,0,26289
3,2501,333,2476,976,169,464,1064,8443,16426
4,1346,3321,1012,7402,247,144,829,2525,16826
5,665,14290,14751,0,0,0,0,0,29706
6,1638,33521,0,0,0,0,0,0,35159
7,817,5511,4344,223,65,54,7751,4084,22849
8,250,2154,117,670,181,20,2484,663,6539
9,1759,14887,610,0,741,7,6195,0,24199
10,2708,275,663,2087,138,8,487,3176,9542
11,1273,1139,901,471,86,86,1508,21797,27261
12,662,8672,4530,223,345,9,0,1143,15584
13,2251,1191,7784,556,1,63,3395,9973,25214
14,135,2952,844,2031,408,11,1427,63,7871
15,1439,32460,0,0,0,0,0,0,33899
16,258,15665,70,4,7,1,2088,2082,20175
17,313,179,9094,5772,70,40,1416,106,16990
18,868,82,6060,148,349,4,420,3766,11697
19,281,42,10958,297,3,45,5682,1913,19221
